{
"lengthUnit": "mil",
"remark": [],
"components": {
	"fields": ["COMPONENT_NO", "COMPONENT_NAME", "LAYER", "X_COORDINATE", "Y_COORDINATE", "ANGLE"],
	"rows": [
		[1, "CN1", "T", 410, -815, 270],
		[2, "U2", "T", 960, -530, 0],
		[3, "U3", "B", 1615, -595, 0],
		[4, "U4", "B", 1495, -1535, 270],
		[5, "U5", "T", 410, -1280, 270],
		[6, "U8", "T", 975, -1460, 90],
		[7, "U$1", "T", 1655, -1055, 90],
		[8, "PAD1", "T", 625.36, -749, 0],
		[9, "PAD2", "T", 625.36, -649, 0],
		[10, "PAD3", "T", 1294.64, -849, 0],
		[11, "PAD4", "T", 1294.64, -749, 0],
		[12, "PAD5", "T", 1294.64, -649, 0],
		[13, "PAD6", "T", 1294.64, -449, 0],
		[14, "PAD7", "T", 1294.64, -349, 0],
		[15, "PAD8", "T", 1294.64, -249, 0],
		[16, "PAD9", "T", 1010, -311, 0],
		[17, "PAD10", "T", 1458.1496, -1303.0315, 0],
		[18, "PAD10", "B", 1458.1496, -1303.0315, 0],
		[19, "PAD11", "T", 1458.1496, -1203.0315, 0],
		[20, "PAD11", "B", 1458.1496, -1203.0315, 0],
		[21, "PAD12", "T", 1458.1496, -1103.0315, 0],
		[22, "PAD12", "B", 1458.1496, -1103.0315, 0],
		[23, "PAD13", "T", 1458.1496, -1003.0315, 0],
		[24, "PAD13", "B", 1458.1496, -1003.0315, 0],
		[25, "PAD14", "T", 1851.8504, -1303.0315, 0],
		[26, "PAD14", "B", 1851.8504, -1303.0315, 0],
		[27, "PAD15", "T", 1851.8504, -1203.0315, 0],
		[28, "PAD15", "B", 1851.8504, -1203.0315, 0],
		[29, "PAD16", "T", 1851.8504, -1099.0945, 0],
		[30, "PAD16", "B", 1851.8504, -1099.0945, 0],
		[31, "PAD17", "T", 1851.8504, -1003.0315, 0],
		[32, "PAD17", "B", 1851.8504, -1003.0315, 0],
		[33, "PAD18", "T", 1496.89, -595, 0],
		[34, "PAD18", "B", 1496.89, -595, 0],
		[35, "PAD19", "T", 1575.63, -595, 0],
		[36, "PAD19", "B", 1575.63, -595, 0],
		[37, "PAD20", "T", 1654.37, -595, 0],
		[38, "PAD20", "B", 1654.37, -595, 0],
		[39, "PAD21", "T", 1733.11, -595, 0],
		[40, "PAD21", "B", 1733.11, -595, 0],
		[41, "PAD22", "T", 1495, -1495.63, 0],
		[42, "PAD22", "B", 1495, -1495.63, 0],
		[43, "PAD23", "T", 1495, -1574.37, 0],
		[44, "PAD23", "B", 1495, -1574.37, 0],
		[45, "PAD24", "T", 410, -765, 0],
		[46, "PAD24", "B", 410, -765, 0],
		[47, "PAD25", "T", 410, -865, 0],
		[48, "PAD25", "B", 410, -865, 0],
		[49, "PAD26", "T", 410.004, -1427.642, 0],
		[50, "PAD26", "B", 410.004, -1427.642, 0],
		[51, "PAD27", "T", 410.004, -1329.212, 0],
		[52, "PAD27", "B", 410.004, -1329.212, 0],
		[53, "PAD28", "T", 410.004, -1230.792, 0],
		[54, "PAD28", "B", 410.004, -1230.792, 0],
		[55, "PAD29", "T", 410.004, -1132.362, 0],
		[56, "PAD29", "B", 410.004, -1132.362, 0],
		[57, "PAD30", "T", 1234.999, -1825, 0],
		[58, "PAD30", "B", 1234.999, -1825, 0],
		[59, "PAD31", "T", 1135, -1825, 0],
		[60, "PAD31", "B", 1135, -1825, 0],
		[61, "PAD32", "T", 815, -1825, 0],
		[62, "PAD32", "B", 815, -1825, 0],
		[63, "PAD33", "T", 715, -1825, 0],
		[64, "PAD33", "B", 715, -1825, 0],
		[65, "PAD34", "T", 715, -1095.001, 0],
		[66, "PAD34", "B", 715, -1095.001, 0],
		[67, "PAD35", "T", 815, -1095.001, 0],
		[68, "PAD35", "B", 815, -1095.001, 0],
		[69, "PAD36", "T", 1135, -1095.001, 0],
		[70, "PAD36", "B", 1135, -1095.001, 0],
		[71, "PAD37", "T", 1234.999, -1095.001, 0],
		[72, "PAD37", "B", 1234.999, -1095.001, 0]
	]
},
"pins": {
	"fields": ["PIN_NO", "PIN_NAME", "PIN_X", "PIN_Y", "LAYER", "PIN_TYPE", "NET_NAME", "NET_TYPE", "PAD_SHAPE", "PAD_SIZEX", "PAD_SIZEY", "HOLE_SIZE", "HOLE_LEN", "PAD_ANGLE"],
	"rows": [
		[1, "CN1_1", 410, -765, "T", "DIP", "BTN", "", "C", 66.929, 66.929, 43.308, 43.308, 270],
		[2, "CN1_1", 410, -765, "B", "DIP", "BTN", "", "C", 66.929, 66.929, 43.308, 43.308, 270],
		[3, "CN1_2", 410, -865, "T", "DIP", "GND", "GND", "C", 66.929, 66.929, 43.308, 43.308, 270],
		[4, "CN1_2", 410, -865, "B", "DIP", "GND", "GND", "C", 66.929, 66.929, 43.308, 43.308, 270],
		[5, "U2_1", 625.36, -249, "T", "SMD", "NET_1", "", "R", 118.11, 78.74, 0, 0, 0],
		[6, "U2_2", 625.36, -349, "T", "SMD", "NET_2", "", "R", 118.11, 78.74, 0, 0, 0],
		[7, "U2_3", 625.36, -449, "T", "SMD", "NET_3", "", "R", 118.11, 78.74, 0, 0, 0],
		[8, "U2_4", 625.36, -549, "T", "SMD", "NET_4", "", "R", 118.11, 78.74, 0, 0, 0],
		[9, "U2_5", 625.36, -649, "T", "SMD", "SPEED", "", "R", 118.11, 78.74, 0, 0, 0],
		[10, "U2_6", 625.36, -749, "T", "SMD", "PWM", "", "R", 118.11, 78.74, 0, 0, 0],
		[11, "U2_7", 625.36, -849, "T", "SMD", "NET_5", "", "R", 118.11, 78.74, 0, 0, 0],
		[12, "U2_8", 1294.64, -849, "T", "SMD", "BTN", "", "R", 118.11, 78.74, 0, 0, 0],
		[13, "U2_9", 1294.64, -749, "T", "SMD", "SDA", "", "R", 118.11, 78.74, 0, 0, 0],
		[14, "U2_10", 1294.64, -649, "T", "SMD", "SCK", "", "R", 118.11, 78.74, 0, 0, 0],
		[15, "U2_11", 1294.64, -549, "T", "SMD", "NET_6", "", "R", 118.11, 78.74, 0, 0, 0],
		[16, "U2_12", 1294.64, -449, "T", "SMD", "+3.3V", "", "R", 118.11, 78.74, 0, 0, 0],
		[17, "U2_13", 1294.64, -349, "T", "SMD", "GND", "GND", "R", 118.11, 78.74, 0, 0, 0],
		[18, "U2_14", 1294.64, -249, "T", "SMD", "+5V", "", "R", 118.11, 78.74, 0, 0, 0],
		[19, "U2_15", 782.84, -533.25, "T", "SMD", "NET_7", "", "R", 80, 60, 0, 0, 180],
		[20, "U2_16", 782.84, -458.45, "T", "SMD", "NET_8", "", "R", 80, 60, 0, 0, 180],
		[21, "U2_17", 1042.68, -572.62, "T", "SMD", "NET_9", "", "R", 110.236, 110.236, 0, 0, 90],
		[22, "U2_18", 1010, -411, "T", "SMD", "NET_10", "", "P", 63.996, 63.998, 0, 0, 0],
		[23, "U2_19", 910, -411, "T", "SMD", "NET_11", "", "P", 63.996, 63.998, 0, 0, 0],
		[24, "U2_20", 1010, -311, "T", "SMD", "GND", "GND", "P", 63.996, 63.998, 0, 0, 0],
		[25, "U2_21", 910, -311, "T", "SMD", "NET_12", "", "P", 63.996, 63.998, 0, 0, 0],
		[26, "U2_22", 1010, -211, "T", "SMD", "NET_13", "", "P", 63.996, 63.998, 0, 0, 0],
		[27, "U2_23", 910, -211, "T", "SMD", "NET_14", "", "P", 63.996, 63.998, 0, 0, 0],
		[28, "U3_1", 1496.89, -595, "T", "DIP", "SPEED_5V", "", "R", 62.992, 62.992, 39.37, 39.37, 0],
		[29, "U3_1", 1496.89, -595, "B", "DIP", "SPEED_5V", "", "R", 62.992, 62.992, 39.37, 39.37, 0],
		[30, "U3_2", 1575.63, -595, "T", "DIP", "PWM_5V", "", "C", 62.992, 62.992, 39.37, 39.37, 0],
		[31, "U3_2", 1575.63, -595, "B", "DIP", "PWM_5V", "", "C", 62.992, 62.992, 39.37, 39.37, 0],
		[32, "U3_3", 1654.37, -595, "T", "DIP", "GND", "GND", "C", 62.992, 62.992, 39.37, 39.37, 0],
		[33, "U3_3", 1654.37, -595, "B", "DIP", "GND", "GND", "C", 62.992, 62.992, 39.37, 39.37, 0],
		[34, "U3_4", 1733.11, -595, "T", "DIP", "12V", "", "C", 62.992, 62.992, 39.37, 39.37, 0],
		[35, "U3_4", 1733.11, -595, "B", "DIP", "12V", "", "C", 62.992, 62.992, 39.37, 39.37, 0],
		[36, "U4_1", 1495, -1495.63, "T", "DIP", "GND", "GND", "C", 60, 60, 36, 36, 270],
		[37, "U4_1", 1495, -1495.63, "B", "DIP", "GND", "GND", "C", 60, 60, 36, 36, 270],
		[38, "U4_2", 1495, -1574.37, "T", "DIP", "12V", "", "C", 60, 60, 36, 36, 270],
		[39, "U4_2", 1495, -1574.37, "B", "DIP", "12V", "", "C", 60, 60, 36, 36, 270],
		[40, "U5_1", 410.004, -1427.642, "T", "DIP", "SDA", "", "C", 66.929, 66.929, 41.338, 41.338, 90],
		[41, "U5_1", 410.004, -1427.642, "B", "DIP", "SDA", "", "C", 66.929, 66.929, 41.338, 41.338, 90],
		[42, "U5_2", 410.004, -1329.212, "T", "DIP", "SCK", "", "C", 66.929, 66.929, 41.338, 41.338, 90],
		[43, "U5_2", 410.004, -1329.212, "B", "DIP", "SCK", "", "C", 66.929, 66.929, 41.338, 41.338, 90],
		[44, "U5_3", 410.004, -1230.792, "T", "DIP", "+3.3V", "", "C", 66.929, 66.929, 41.338, 41.338, 90],
		[45, "U5_3", 410.004, -1230.792, "B", "DIP", "+3.3V", "", "C", 66.929, 66.929, 41.338, 41.338, 90],
		[46, "U5_4", 410.004, -1132.362, "T", "DIP", "GND", "GND", "C", 66.929, 66.929, 41.338, 41.338, 90],
		[47, "U5_4", 410.004, -1132.362, "B", "DIP", "GND", "GND", "C", 66.929, 66.929, 41.338, 41.338, 90],
		[48, "U8_1", 1234.999, -1825, "T", "DIP", "12V", "", "C", 62.992, 62.992, 40.158, 40.158, 90],
		[49, "U8_1", 1234.999, -1825, "B", "DIP", "12V", "", "C", 62.992, 62.992, 40.158, 40.158, 90],
		[50, "U8_2", 1135, -1825, "T", "DIP", "12V", "", "C", 62.992, 62.992, 40.158, 40.158, 90],
		[51, "U8_2", 1135, -1825, "B", "DIP", "12V", "", "C", 62.992, 62.992, 40.158, 40.158, 90],
		[52, "U8_3", 815, -1825, "T", "DIP", "GND", "GND", "C", 62.992, 62.992, 40.158, 40.158, 90],
		[53, "U8_3", 815, -1825, "B", "DIP", "GND", "GND", "C", 62.992, 62.992, 40.158, 40.158, 90],
		[54, "U8_4", 715, -1825, "T", "DIP", "GND", "GND", "C", 62.992, 62.992, 40.158, 40.158, 90],
		[55, "U8_4", 715, -1825, "B", "DIP", "GND", "GND", "C", 62.992, 62.992, 40.158, 40.158, 90],
		[56, "U8_5", 715, -1095.001, "T", "DIP", "GND", "GND", "C", 62.992, 62.992, 40.158, 40.158, 90],
		[57, "U8_5", 715, -1095.001, "B", "DIP", "GND", "GND", "C", 62.992, 62.992, 40.158, 40.158, 90],
		[58, "U8_6", 815, -1095.001, "T", "DIP", "GND", "GND", "C", 62.992, 62.992, 40.158, 40.158, 90],
		[59, "U8_6", 815, -1095.001, "B", "DIP", "GND", "GND", "C", 62.992, 62.992, 40.158, 40.158, 90],
		[60, "U8_7", 1135, -1095.001, "T", "DIP", "+5V", "", "C", 62.992, 62.992, 40.158, 40.158, 90],
		[61, "U8_7", 1135, -1095.001, "B", "DIP", "+5V", "", "C", 62.992, 62.992, 40.158, 40.158, 90],
		[62, "U8_8", 1234.999, -1095.001, "T", "DIP", "+5V", "", "C", 62.992, 62.992, 40.158, 40.158, 90],
		[63, "U8_8", 1234.999, -1095.001, "B", "DIP", "+5V", "", "C", 62.992, 62.992, 40.158, 40.158, 90],
		[64, "U$1_1", 1458.1496, -1303.0315, "T", "DIP", "PWM_5V", "", "P", 67.2441, 67.2441, 47.2441, 47.2441, 180],
		[65, "U$1_1", 1458.1496, -1303.0315, "B", "DIP", "PWM_5V", "", "P", 67.2441, 67.2441, 47.2441, 47.2441, 180],
		[66, "U$1_2", 1458.1496, -1203.0315, "T", "DIP", "SPEED_5V", "", "P", 67.2441, 67.2441, 47.2441, 47.2441, 180],
		[67, "U$1_2", 1458.1496, -1203.0315, "B", "DIP", "SPEED_5V", "", "P", 67.2441, 67.2441, 47.2441, 47.2441, 180],
		[68, "U$1_3", 1458.1496, -1103.0315, "T", "DIP", "+5V", "", "P", 67.2441, 67.2441, 47.2441, 47.2441, 180],
		[69, "U$1_3", 1458.1496, -1103.0315, "B", "DIP", "+5V", "", "P", 67.2441, 67.2441, 47.2441, 47.2441, 180],
		[70, "U$1_4", 1458.1496, -1003.0315, "T", "DIP", "GND", "GND", "P", 67.2441, 67.2441, 47.2441, 47.2441, 180],
		[71, "U$1_4", 1458.1496, -1003.0315, "B", "DIP", "GND", "GND", "P", 67.2441, 67.2441, 47.2441, 47.2441, 180],
		[72, "U$1_5", 1458.1496, -896.7323, "T", "DIP", "NET_15", "", "P", 67.2441, 67.2441, 47.2441, 47.2441, 180],
		[73, "U$1_5", 1458.1496, -896.7323, "B", "DIP", "NET_15", "", "P", 67.2441, 67.2441, 47.2441, 47.2441, 180],
		[74, "U$1_6", 1458.1496, -796.7323, "T", "DIP", "NET_16", "", "P", 67.2441, 67.2441, 47.2441, 47.2441, 180],
		[75, "U$1_6", 1458.1496, -796.7323, "B", "DIP", "NET_16", "", "P", 67.2441, 67.2441, 47.2441, 47.2441, 180],
		[76, "U$1_7", 1851.8504, -1303.0315, "T", "DIP", "PWM", "", "P", 67.2441, 67.2441, 47.2441, 47.2441, 180],
		[77, "U$1_7", 1851.8504, -1303.0315, "B", "DIP", "PWM", "", "P", 67.2441, 67.2441, 47.2441, 47.2441, 180],
		[78, "U$1_8", 1851.8504, -1203.0315, "T", "DIP", "SPEED", "", "P", 67.2441, 67.2441, 47.2441, 47.2441, 180],
		[79, "U$1_8", 1851.8504, -1203.0315, "B", "DIP", "SPEED", "", "P", 67.2441, 67.2441, 47.2441, 47.2441, 180],
		[80, "U$1_9", 1851.8504, -1099.0945, "T", "DIP", "+3.3V", "", "P", 67.2441, 67.2441, 47.2441, 47.2441, 180],
		[81, "U$1_9", 1851.8504, -1099.0945, "B", "DIP", "+3.3V", "", "P", 67.2441, 67.2441, 47.2441, 47.2441, 180],
		[82, "U$1_10", 1851.8504, -1003.0315, "T", "DIP", "GND", "GND", "P", 67.2441, 67.2441, 47.2441, 47.2441, 180],
		[83, "U$1_10", 1851.8504, -1003.0315, "B", "DIP", "GND", "GND", "P", 67.2441, 67.2441, 47.2441, 47.2441, 180],
		[84, "U$1_11", 1851.8504, -896.7323, "T", "DIP", "NET_17", "", "P", 67.2441, 67.2441, 47.2441, 47.2441, 180],
		[85, "U$1_11", 1851.8504, -896.7323, "B", "DIP", "NET_17", "", "P", 67.2441, 67.2441, 47.2441, 47.2441, 180],
		[86, "U$1_12", 1851.8504, -796.7323, "T", "DIP", "NET_18", "", "P", 67.2441, 67.2441, 47.2441, 47.2441, 180],
		[87, "U$1_12", 1851.8504, -796.7323, "B", "DIP", "NET_18", "", "P", 67.2441, 67.2441, 47.2441, 47.2441, 180],
		[88, "PAD1_6", 625.36, -749, "T", "SMD", "PWM", "", "R", 118.11, 78.74, 0, 0, 0],
		[89, "PAD2_5", 625.36, -649, "T", "SMD", "SPEED", "", "R", 118.11, 78.74, 0, 0, 0],
		[90, "PAD3_8", 1294.64, -849, "T", "SMD", "BTN", "", "R", 118.11, 78.74, 0, 0, 0],
		[91, "PAD4_9", 1294.64, -749, "T", "SMD", "SDA", "", "R", 118.11, 78.74, 0, 0, 0],
		[92, "PAD5_10", 1294.64, -649, "T", "SMD", "SCK", "", "R", 118.11, 78.74, 0, 0, 0],
		[93, "PAD6_12", 1294.64, -449, "T", "SMD", "+3.3V", "", "R", 118.11, 78.74, 0, 0, 0],
		[94, "PAD7_13", 1294.64, -349, "T", "SMD", "GND", "GND", "R", 118.11, 78.74, 0, 0, 0],
		[95, "PAD8_14", 1294.64, -249, "T", "SMD", "+5V", "", "R", 118.11, 78.74, 0, 0, 0],
		[96, "PAD9_20", 1010, -311, "T", "SMD", "GND", "GND", "P", 63.996, 63.998, 0, 0, 0],
		[97, "PAD10_1", 1458.1496, -1303.0315, "T", "DIP", "PWM_5V", "", "P", 67.2441, 67.2441, 47.2441, 47.2441, 180],
		[98, "PAD10_1", 1458.1496, -1303.0315, "B", "DIP", "PWM_5V", "", "P", 67.2441, 67.2441, 47.2441, 47.2441, 180],
		[99, "PAD11_2", 1458.1496, -1203.0315, "T", "DIP", "SPEED_5V", "", "P", 67.2441, 67.2441, 47.2441, 47.2441, 180],
		[100, "PAD11_2", 1458.1496, -1203.0315, "B", "DIP", "SPEED_5V", "", "P", 67.2441, 67.2441, 47.2441, 47.2441, 180],
		[101, "PAD12_3", 1458.1496, -1103.0315, "T", "DIP", "+5V", "", "P", 67.2441, 67.2441, 47.2441, 47.2441, 180],
		[102, "PAD12_3", 1458.1496, -1103.0315, "B", "DIP", "+5V", "", "P", 67.2441, 67.2441, 47.2441, 47.2441, 180],
		[103, "PAD13_4", 1458.1496, -1003.0315, "T", "DIP", "GND", "GND", "P", 67.2441, 67.2441, 47.2441, 47.2441, 180],
		[104, "PAD13_4", 1458.1496, -1003.0315, "B", "DIP", "GND", "GND", "P", 67.2441, 67.2441, 47.2441, 47.2441, 180],
		[105, "PAD14_7", 1851.8504, -1303.0315, "T", "DIP", "PWM", "", "P", 67.2441, 67.2441, 47.2441, 47.2441, 180],
		[106, "PAD14_7", 1851.8504, -1303.0315, "B", "DIP", "PWM", "", "P", 67.2441, 67.2441, 47.2441, 47.2441, 180],
		[107, "PAD15_8", 1851.8504, -1203.0315, "T", "DIP", "SPEED", "", "P", 67.2441, 67.2441, 47.2441, 47.2441, 180],
		[108, "PAD15_8", 1851.8504, -1203.0315, "B", "DIP", "SPEED", "", "P", 67.2441, 67.2441, 47.2441, 47.2441, 180],
		[109, "PAD16_9", 1851.8504, -1099.0945, "T", "DIP", "+3.3V", "", "P", 67.2441, 67.2441, 47.2441, 47.2441, 180],
		[110, "PAD16_9", 1851.8504, -1099.0945, "B", "DIP", "+3.3V", "", "P", 67.2441, 67.2441, 47.2441, 47.2441, 180],
		[111, "PAD17_10", 1851.8504, -1003.0315, "T", "DIP", "GND", "GND", "P", 67.2441, 67.2441, 47.2441, 47.2441, 180],
		[112, "PAD17_10", 1851.8504, -1003.0315, "B", "DIP", "GND", "GND", "P", 67.2441, 67.2441, 47.2441, 47.2441, 180],
		[113, "PAD18_1", 1496.89, -595, "T", "DIP", "SPEED_5V", "", "R", 62.992, 62.992, 39.37, 39.37, 0],
		[114, "PAD18_1", 1496.89, -595, "B", "DIP", "SPEED_5V", "", "R", 62.992, 62.992, 39.37, 39.37, 0],
		[115, "PAD19_2", 1575.63, -595, "T", "DIP", "PWM_5V", "", "C", 62.992, 62.992, 39.37, 39.37, 0],
		[116, "PAD19_2", 1575.63, -595, "B", "DIP", "PWM_5V", "", "C", 62.992, 62.992, 39.37, 39.37, 0],
		[117, "PAD20_3", 1654.37, -595, "T", "DIP", "GND", "GND", "C", 62.992, 62.992, 39.37, 39.37, 0],
		[118, "PAD20_3", 1654.37, -595, "B", "DIP", "GND", "GND", "C", 62.992, 62.992, 39.37, 39.37, 0],
		[119, "PAD21_4", 1733.11, -595, "T", "DIP", "12V", "", "C", 62.992, 62.992, 39.37, 39.37, 0],
		[120, "PAD21_4", 1733.11, -595, "B", "DIP", "12V", "", "C", 62.992, 62.992, 39.37, 39.37, 0],
		[121, "PAD22_1", 1495, -1495.63, "T", "DIP", "GND", "GND", "C", 60, 60, 36, 36, 270],
		[122, "PAD22_1", 1495, -1495.63, "B", "DIP", "GND", "GND", "C", 60, 60, 36, 36, 270],
		[123, "PAD23_2", 1495, -1574.37, "T", "DIP", "12V", "", "C", 60, 60, 36, 36, 270],
		[124, "PAD23_2", 1495, -1574.37, "B", "DIP", "12V", "", "C", 60, 60, 36, 36, 270],
		[125, "PAD24_1", 410, -765, "T", "DIP", "BTN", "", "C", 66.929, 66.929, 43.308, 43.308, 270],
		[126, "PAD24_1", 410, -765, "B", "DIP", "BTN", "", "C", 66.929, 66.929, 43.308, 43.308, 270],
		[127, "PAD25_2", 410, -865, "T", "DIP", "GND", "GND", "C", 66.929, 66.929, 43.308, 43.308, 270],
		[128, "PAD25_2", 410, -865, "B", "DIP", "GND", "GND", "C", 66.929, 66.929, 43.308, 43.308, 270],
		[129, "PAD26_1", 410.004, -1427.642, "T", "DIP", "SDA", "", "C", 66.929, 66.929, 41.338, 41.338, 90],
		[130, "PAD26_1", 410.004, -1427.642, "B", "DIP", "SDA", "", "C", 66.929, 66.929, 41.338, 41.338, 90],
		[131, "PAD27_2", 410.004, -1329.212, "T", "DIP", "SCK", "", "C", 66.929, 66.929, 41.338, 41.338, 90],
		[132, "PAD27_2", 410.004, -1329.212, "B", "DIP", "SCK", "", "C", 66.929, 66.929, 41.338, 41.338, 90],
		[133, "PAD28_3", 410.004, -1230.792, "T", "DIP", "+3.3V", "", "C", 66.929, 66.929, 41.338, 41.338, 90],
		[134, "PAD28_3", 410.004, -1230.792, "B", "DIP", "+3.3V", "", "C", 66.929, 66.929, 41.338, 41.338, 90],
		[135, "PAD29_4", 410.004, -1132.362, "T", "DIP", "GND", "GND", "C", 66.929, 66.929, 41.338, 41.338, 90],
		[136, "PAD29_4", 410.004, -1132.362, "B", "DIP", "GND", "GND", "C", 66.929, 66.929, 41.338, 41.338, 90],
		[137, "PAD30_1", 1234.999, -1825, "T", "DIP", "12V", "", "C", 62.992, 62.992, 40.158, 40.158, 90],
		[138, "PAD30_1", 1234.999, -1825, "B", "DIP", "12V", "", "C", 62.992, 62.992, 40.158, 40.158, 90],
		[139, "PAD31_2", 1135, -1825, "T", "DIP", "12V", "", "C", 62.992, 62.992, 40.158, 40.158, 90],
		[140, "PAD31_2", 1135, -1825, "B", "DIP", "12V", "", "C", 62.992, 62.992, 40.158, 40.158, 90],
		[141, "PAD32_3", 815, -1825, "T", "DIP", "GND", "GND", "C", 62.992, 62.992, 40.158, 40.158, 90],
		[142, "PAD32_3", 815, -1825, "B", "DIP", "GND", "GND", "C", 62.992, 62.992, 40.158, 40.158, 90],
		[143, "PAD33_4", 715, -1825, "T", "DIP", "GND", "GND", "C", 62.992, 62.992, 40.158, 40.158, 90],
		[144, "PAD33_4", 715, -1825, "B", "DIP", "GND", "GND", "C", 62.992, 62.992, 40.158, 40.158, 90],
		[145, "PAD34_5", 715, -1095.001, "T", "DIP", "GND", "GND", "C", 62.992, 62.992, 40.158, 40.158, 90],
		[146, "PAD34_5", 715, -1095.001, "B", "DIP", "GND", "GND", "C", 62.992, 62.992, 40.158, 40.158, 90],
		[147, "PAD35_6", 815, -1095.001, "T", "DIP", "GND", "GND", "C", 62.992, 62.992, 40.158, 40.158, 90],
		[148, "PAD35_6", 815, -1095.001, "B", "DIP", "GND", "GND", "C", 62.992, 62.992, 40.158, 40.158, 90],
		[149, "PAD36_7", 1135, -1095.001, "T", "DIP", "+5V", "", "C", 62.992, 62.992, 40.158, 40.158, 90],
		[150, "PAD36_7", 1135, -1095.001, "B", "DIP", "+5V", "", "C", 62.992, 62.992, 40.158, 40.158, 90],
		[151, "PAD37_8", 1234.999, -1095.001, "T", "DIP", "+5V", "", "C", 62.992, 62.992, 40.158, 40.158, 90],
		[152, "PAD37_8", 1234.999, -1095.001, "B", "DIP", "+5V", "", "C", 62.992, 62.992, 40.158, 40.158, 90]
	]
}
}